{"polyfill":["/polyfill-294b25ff59f993fdb494.js"],"app":["/app-82d2ba48abe2744c6217.js"],"component---src-pages-404-js":["/component---src-pages-404-js-52144a64fb89d5b0c024.js"],"component---src-pages-consulting-js":["/component---src-pages-consulting-js-841bb06a1eb38800ee25.js"],"component---src-pages-education-js":["/component---src-pages-education-js-77dbbb7e21dfd5d4441f.js"],"component---src-pages-hero-js":[],"component---src-pages-index-js":["/component---src-pages-index-js-088d5670c5311983be7e.js"],"component---src-pages-skilling-js":["/component---src-pages-skilling-js-4e31c5c4a559aeaff117.js"],"component---src-pages-team-js":["/component---src-pages-team-js-d9f1a1c7a43694bc4533.js"],"component---src-pages-test-index-js":["/component---src-pages-test-index-js-f7e1b17a83b11aca46d4.js"],"component---src-templates-using-dsg-js":["/component---src-templates-using-dsg-js-b5b117a1c7207dd29a23.js"]}