{"polyfill":["/polyfill-294b25ff59f993fdb494.js"],"app":["/app-cee4d6e9a63c4bef8164.js"],"component---src-pages-404-js":["/component---src-pages-404-js-52144a64fb89d5b0c024.js"],"component---src-pages-consulting-js":["/component---src-pages-consulting-js-841bb06a1eb38800ee25.js"],"component---src-pages-education-js":["/component---src-pages-education-js-23ae1650594b5c5ec77c.js"],"component---src-pages-hero-js":[],"component---src-pages-index-js":["/component---src-pages-index-js-95e977d6790c558038c9.js"],"component---src-pages-skilling-js":["/component---src-pages-skilling-js-4e31c5c4a559aeaff117.js"],"component---src-pages-team-js":["/component---src-pages-team-js-d97817b913b0e1e61ab5.js"],"component---src-pages-test-index-js":["/component---src-pages-test-index-js-f7e1b17a83b11aca46d4.js"],"component---src-templates-using-dsg-js":["/component---src-templates-using-dsg-js-b5b117a1c7207dd29a23.js"]}