{"namedChunkGroups":{"polyfill":{"name":"polyfill","assets":[{"name":"webpack-runtime-b03b68b18e66ad215afd.js","size":5454},{"name":"polyfill-294b25ff59f993fdb494.js","size":82502}],"filteredAssets":0,"assetsSize":87956,"filteredAuxiliaryAssets":2,"auxiliaryAssetsSize":226421},"app":{"name":"app","assets":[{"name":"webpack-runtime-b03b68b18e66ad215afd.js","size":5454},{"name":"styles.8c3dc5e314d55a44204c.css","size":216295},{"name":"framework-b4f74868591e6441c053.js","size":141337},{"name":"app-cee4d6e9a63c4bef8164.js","size":201505}],"filteredAssets":0,"assetsSize":564591,"filteredAuxiliaryAssets":35,"auxiliaryAssetsSize":9745613},"component---src-pages-404-js":{"name":"component---src-pages-404-js","assets":[{"name":"styles.8c3dc5e314d55a44204c.css","size":216295},{"name":"component---src-pages-404-js-52144a64fb89d5b0c024.js","size":1767}],"filteredAssets":0,"assetsSize":218062,"filteredAuxiliaryAssets":4,"auxiliaryAssetsSize":214547},"component---src-pages-consulting-js":{"name":"component---src-pages-consulting-js","assets":[{"name":"component---src-pages-consulting-js-841bb06a1eb38800ee25.js","size":3181}],"filteredAssets":0,"assetsSize":3181,"filteredAuxiliaryAssets":3,"auxiliaryAssetsSize":552758},"component---src-pages-education-js":{"name":"component---src-pages-education-js","assets":[{"name":"component---src-pages-education-js-23ae1650594b5c5ec77c.js","size":5922}],"filteredAssets":0,"assetsSize":5922,"filteredAuxiliaryAssets":17,"auxiliaryAssetsSize":3992157},"component---src-pages-hero-js":{"name":"component---src-pages-hero-js","assets":[{"name":"b1ae042744d5b6443f94fb334624d3ec85cfcf68-d0be495772e2ab71d746.js","size":31195}],"filteredAssets":0,"assetsSize":31195,"filteredAuxiliaryAssets":47,"auxiliaryAssetsSize":47101544},"component---src-pages-index-js":{"name":"component---src-pages-index-js","assets":[{"name":"b1ae042744d5b6443f94fb334624d3ec85cfcf68-d0be495772e2ab71d746.js","size":31195},{"name":"component---src-pages-index-js-95e977d6790c558038c9.js","size":372}],"filteredAssets":0,"assetsSize":31567,"filteredAuxiliaryAssets":48,"auxiliaryAssetsSize":47102237},"component---src-pages-skilling-js":{"name":"component---src-pages-skilling-js","assets":[{"name":"component---src-pages-skilling-js-4e31c5c4a559aeaff117.js","size":3204}],"filteredAssets":0,"assetsSize":3204,"filteredAuxiliaryAssets":3,"auxiliaryAssetsSize":608087},"component---src-pages-team-js":{"name":"component---src-pages-team-js","assets":[{"name":"component---src-pages-team-js-d97817b913b0e1e61ab5.js","size":11005}],"filteredAssets":0,"assetsSize":11005,"filteredAuxiliaryAssets":16,"auxiliaryAssetsSize":3757627},"component---src-pages-test-index-js":{"name":"component---src-pages-test-index-js","assets":[{"name":"component---src-pages-test-index-js-f7e1b17a83b11aca46d4.js","size":514}],"filteredAssets":0,"assetsSize":514,"filteredAuxiliaryAssets":1,"auxiliaryAssetsSize":701},"component---src-templates-using-dsg-js":{"name":"component---src-templates-using-dsg-js","assets":[{"name":"styles.8c3dc5e314d55a44204c.css","size":216295},{"name":"component---src-templates-using-dsg-js-b5b117a1c7207dd29a23.js","size":2106}],"filteredAssets":0,"assetsSize":218401,"filteredAuxiliaryAssets":4,"auxiliaryAssetsSize":215067}},"assetsByChunkName":{"polyfill":["webpack-runtime-b03b68b18e66ad215afd.js","polyfill-294b25ff59f993fdb494.js"],"app":["webpack-runtime-b03b68b18e66ad215afd.js","styles.8c3dc5e314d55a44204c.css","framework-b4f74868591e6441c053.js","app-cee4d6e9a63c4bef8164.js"],"component---src-pages-404-js":["styles.8c3dc5e314d55a44204c.css","component---src-pages-404-js-52144a64fb89d5b0c024.js"],"component---src-pages-consulting-js":["component---src-pages-consulting-js-841bb06a1eb38800ee25.js"],"component---src-pages-education-js":["component---src-pages-education-js-23ae1650594b5c5ec77c.js"],"component---src-pages-hero-js":["b1ae042744d5b6443f94fb334624d3ec85cfcf68-d0be495772e2ab71d746.js"],"component---src-pages-index-js":["b1ae042744d5b6443f94fb334624d3ec85cfcf68-d0be495772e2ab71d746.js","component---src-pages-index-js-95e977d6790c558038c9.js"],"component---src-pages-skilling-js":["component---src-pages-skilling-js-4e31c5c4a559aeaff117.js"],"component---src-pages-team-js":["component---src-pages-team-js-d97817b913b0e1e61ab5.js"],"component---src-pages-test-index-js":["component---src-pages-test-index-js-f7e1b17a83b11aca46d4.js"],"component---src-templates-using-dsg-js":["styles.8c3dc5e314d55a44204c.css","component---src-templates-using-dsg-js-b5b117a1c7207dd29a23.js"]},"childAssetsByChunkName":{}}