{"namedChunkGroups":{"polyfill":{"name":"polyfill","assets":[{"name":"webpack-runtime-fb3f18b0348a264e3742.js","size":5454},{"name":"polyfill-294b25ff59f993fdb494.js","size":82502}],"filteredAssets":0,"assetsSize":87956,"filteredAuxiliaryAssets":2,"auxiliaryAssetsSize":226421},"app":{"name":"app","assets":[{"name":"webpack-runtime-fb3f18b0348a264e3742.js","size":5454},{"name":"styles.b835cc7b083a6a887888.css","size":216252},{"name":"framework-b4f74868591e6441c053.js","size":141337},{"name":"app-bbab078465b36a57c583.js","size":201790}],"filteredAssets":0,"assetsSize":564833,"filteredAuxiliaryAssets":35,"auxiliaryAssetsSize":9746206},"component---src-pages-404-js":{"name":"component---src-pages-404-js","assets":[{"name":"styles.b835cc7b083a6a887888.css","size":216252},{"name":"component---src-pages-404-js-52144a64fb89d5b0c024.js","size":1767}],"filteredAssets":0,"assetsSize":218019,"filteredAuxiliaryAssets":4,"auxiliaryAssetsSize":214547},"component---src-pages-consulting-js":{"name":"component---src-pages-consulting-js","assets":[{"name":"component---src-pages-consulting-js-841bb06a1eb38800ee25.js","size":3181}],"filteredAssets":0,"assetsSize":3181,"filteredAuxiliaryAssets":3,"auxiliaryAssetsSize":552758},"component---src-pages-education-js":{"name":"component---src-pages-education-js","assets":[{"name":"component---src-pages-education-js-23ae1650594b5c5ec77c.js","size":5922}],"filteredAssets":0,"assetsSize":5922,"filteredAuxiliaryAssets":17,"auxiliaryAssetsSize":3992157},"component---src-pages-hero-js":{"name":"component---src-pages-hero-js","assets":[{"name":"b1ae042744d5b6443f94fb334624d3ec85cfcf68-6fd01e4778c80bb5a79c.js","size":18741}],"filteredAssets":0,"assetsSize":18741,"filteredAuxiliaryAssets":25,"auxiliaryAssetsSize":14001678},"component---src-pages-index-js":{"name":"component---src-pages-index-js","assets":[{"name":"b1ae042744d5b6443f94fb334624d3ec85cfcf68-6fd01e4778c80bb5a79c.js","size":18741},{"name":"component---src-pages-index-js-72060535fa63c0afbed6.js","size":372}],"filteredAssets":0,"assetsSize":19113,"filteredAuxiliaryAssets":26,"auxiliaryAssetsSize":14002371},"component---src-pages-skilling-js":{"name":"component---src-pages-skilling-js","assets":[{"name":"component---src-pages-skilling-js-4e31c5c4a559aeaff117.js","size":3204}],"filteredAssets":0,"assetsSize":3204,"filteredAuxiliaryAssets":3,"auxiliaryAssetsSize":608087},"component---src-pages-team-js":{"name":"component---src-pages-team-js","assets":[{"name":"component---src-pages-team-js-406507740b476ab443c4.js","size":11066}],"filteredAssets":0,"assetsSize":11066,"filteredAuxiliaryAssets":16,"auxiliaryAssetsSize":3757393},"component---src-pages-test-index-js":{"name":"component---src-pages-test-index-js","assets":[{"name":"component---src-pages-test-index-js-f7e1b17a83b11aca46d4.js","size":514}],"filteredAssets":0,"assetsSize":514,"filteredAuxiliaryAssets":1,"auxiliaryAssetsSize":701},"component---src-templates-using-dsg-js":{"name":"component---src-templates-using-dsg-js","assets":[{"name":"styles.b835cc7b083a6a887888.css","size":216252},{"name":"component---src-templates-using-dsg-js-b5b117a1c7207dd29a23.js","size":2106}],"filteredAssets":0,"assetsSize":218358,"filteredAuxiliaryAssets":4,"auxiliaryAssetsSize":215067}},"assetsByChunkName":{"polyfill":["webpack-runtime-fb3f18b0348a264e3742.js","polyfill-294b25ff59f993fdb494.js"],"app":["webpack-runtime-fb3f18b0348a264e3742.js","styles.b835cc7b083a6a887888.css","framework-b4f74868591e6441c053.js","app-bbab078465b36a57c583.js"],"component---src-pages-404-js":["styles.b835cc7b083a6a887888.css","component---src-pages-404-js-52144a64fb89d5b0c024.js"],"component---src-pages-consulting-js":["component---src-pages-consulting-js-841bb06a1eb38800ee25.js"],"component---src-pages-education-js":["component---src-pages-education-js-23ae1650594b5c5ec77c.js"],"component---src-pages-hero-js":["b1ae042744d5b6443f94fb334624d3ec85cfcf68-6fd01e4778c80bb5a79c.js"],"component---src-pages-index-js":["b1ae042744d5b6443f94fb334624d3ec85cfcf68-6fd01e4778c80bb5a79c.js","component---src-pages-index-js-72060535fa63c0afbed6.js"],"component---src-pages-skilling-js":["component---src-pages-skilling-js-4e31c5c4a559aeaff117.js"],"component---src-pages-team-js":["component---src-pages-team-js-406507740b476ab443c4.js"],"component---src-pages-test-index-js":["component---src-pages-test-index-js-f7e1b17a83b11aca46d4.js"],"component---src-templates-using-dsg-js":["styles.b835cc7b083a6a887888.css","component---src-templates-using-dsg-js-b5b117a1c7207dd29a23.js"]},"childAssetsByChunkName":{}}