{"namedChunkGroups":{"polyfill":{"name":"polyfill","assets":[{"name":"webpack-runtime-1fc6ad7d860b63748bb1.js","size":5454},{"name":"polyfill-294b25ff59f993fdb494.js","size":82502}],"filteredAssets":0,"assetsSize":87956,"filteredAuxiliaryAssets":2,"auxiliaryAssetsSize":226421},"app":{"name":"app","assets":[{"name":"webpack-runtime-1fc6ad7d860b63748bb1.js","size":5454},{"name":"styles.8c3dc5e314d55a44204c.css","size":216295},{"name":"framework-b4f74868591e6441c053.js","size":141337},{"name":"app-82d2ba48abe2744c6217.js","size":201591}],"filteredAssets":0,"assetsSize":564677,"filteredAuxiliaryAssets":35,"auxiliaryAssetsSize":9745790},"component---src-pages-404-js":{"name":"component---src-pages-404-js","assets":[{"name":"styles.8c3dc5e314d55a44204c.css","size":216295},{"name":"component---src-pages-404-js-52144a64fb89d5b0c024.js","size":1767}],"filteredAssets":0,"assetsSize":218062,"filteredAuxiliaryAssets":4,"auxiliaryAssetsSize":214547},"component---src-pages-consulting-js":{"name":"component---src-pages-consulting-js","assets":[{"name":"component---src-pages-consulting-js-841bb06a1eb38800ee25.js","size":3181}],"filteredAssets":0,"assetsSize":3181,"filteredAuxiliaryAssets":3,"auxiliaryAssetsSize":552758},"component---src-pages-education-js":{"name":"component---src-pages-education-js","assets":[{"name":"component---src-pages-education-js-77dbbb7e21dfd5d4441f.js","size":6434}],"filteredAssets":0,"assetsSize":6434,"filteredAuxiliaryAssets":19,"auxiliaryAssetsSize":4724147},"component---src-pages-hero-js":{"name":"component---src-pages-hero-js","assets":[{"name":"b1ae042744d5b6443f94fb334624d3ec85cfcf68-90cb370480d66f234512.js","size":32820}],"filteredAssets":0,"assetsSize":32820,"filteredAuxiliaryAssets":51,"auxiliaryAssetsSize":58829037},"component---src-pages-index-js":{"name":"component---src-pages-index-js","assets":[{"name":"b1ae042744d5b6443f94fb334624d3ec85cfcf68-90cb370480d66f234512.js","size":32820},{"name":"component---src-pages-index-js-088d5670c5311983be7e.js","size":372}],"filteredAssets":0,"assetsSize":33192,"filteredAuxiliaryAssets":52,"auxiliaryAssetsSize":58829730},"component---src-pages-skilling-js":{"name":"component---src-pages-skilling-js","assets":[{"name":"component---src-pages-skilling-js-4e31c5c4a559aeaff117.js","size":3204}],"filteredAssets":0,"assetsSize":3204,"filteredAuxiliaryAssets":3,"auxiliaryAssetsSize":608087},"component---src-pages-team-js":{"name":"component---src-pages-team-js","assets":[{"name":"component---src-pages-team-js-d9f1a1c7a43694bc4533.js","size":11517}],"filteredAssets":0,"assetsSize":11517,"filteredAuxiliaryAssets":18,"auxiliaryAssetsSize":4489617},"component---src-pages-test-index-js":{"name":"component---src-pages-test-index-js","assets":[{"name":"component---src-pages-test-index-js-f7e1b17a83b11aca46d4.js","size":514}],"filteredAssets":0,"assetsSize":514,"filteredAuxiliaryAssets":1,"auxiliaryAssetsSize":701},"component---src-templates-using-dsg-js":{"name":"component---src-templates-using-dsg-js","assets":[{"name":"styles.8c3dc5e314d55a44204c.css","size":216295},{"name":"component---src-templates-using-dsg-js-b5b117a1c7207dd29a23.js","size":2106}],"filteredAssets":0,"assetsSize":218401,"filteredAuxiliaryAssets":4,"auxiliaryAssetsSize":215067}},"assetsByChunkName":{"polyfill":["webpack-runtime-1fc6ad7d860b63748bb1.js","polyfill-294b25ff59f993fdb494.js"],"app":["webpack-runtime-1fc6ad7d860b63748bb1.js","styles.8c3dc5e314d55a44204c.css","framework-b4f74868591e6441c053.js","app-82d2ba48abe2744c6217.js"],"component---src-pages-404-js":["styles.8c3dc5e314d55a44204c.css","component---src-pages-404-js-52144a64fb89d5b0c024.js"],"component---src-pages-consulting-js":["component---src-pages-consulting-js-841bb06a1eb38800ee25.js"],"component---src-pages-education-js":["component---src-pages-education-js-77dbbb7e21dfd5d4441f.js"],"component---src-pages-hero-js":["b1ae042744d5b6443f94fb334624d3ec85cfcf68-90cb370480d66f234512.js"],"component---src-pages-index-js":["b1ae042744d5b6443f94fb334624d3ec85cfcf68-90cb370480d66f234512.js","component---src-pages-index-js-088d5670c5311983be7e.js"],"component---src-pages-skilling-js":["component---src-pages-skilling-js-4e31c5c4a559aeaff117.js"],"component---src-pages-team-js":["component---src-pages-team-js-d9f1a1c7a43694bc4533.js"],"component---src-pages-test-index-js":["component---src-pages-test-index-js-f7e1b17a83b11aca46d4.js"],"component---src-templates-using-dsg-js":["styles.8c3dc5e314d55a44204c.css","component---src-templates-using-dsg-js-b5b117a1c7207dd29a23.js"]},"childAssetsByChunkName":{}}